{"pens":[{"imageRatio":true,"animateDuration":0,"animateFrames":[],"animateFrame":0,"name":"diamond","tags":[],"visible":true,"rect":{"x":629.2720085470077,"y":199.86688034188023,"width":97.30000000000037,"height":68.6000000000003,"center":{"x":677.9220085470079,"y":234.1668803418804},"ex":726.5720085470081,"ey":268.46688034188054},"fontColor":"#222222","fontFamily":"\"Hiragino Sans GB\", \"Microsoft YaHei\", \"Helvetica Neue\", Helvetica, Arial","fontSize":8.400000000000034,"lineHeight":1.5,"fontStyle":"normal","fontWeight":"normal","textAlign":"center","textBaseline":"middle","textBackground":"","events":[],"dash":0,"lineDashOffset":0,"lineWidth":1,"strokeStyle":"#222222","fillStyle":"","globalAlpha":1,"rotate":0,"offsetRotate":0,"textMaxLine":0,"textOffsetX":0,"textOffsetY":0,"animatePos":0,"id":"296968b0","zRotate":0,"borderRadius":0,"imageAlign":"center","gradientAngle":0,"gradientRadius":0.01,"paddingTop":7.000000000000028,"paddingBottom":7.000000000000028,"paddingLeft":7.000000000000028,"paddingRight":7.000000000000028,"text":"Max Pooling","type":0,"animateType":"","paddingLeftNum":7.000000000000028,"paddingRightNum":7.000000000000028,"paddingTopNum":7.000000000000028,"paddingBottomNum":7.000000000000028,"textRect":{"x":661.7053418803412,"y":238.74021367521374,"width":32.43333333333346,"height":17.86666666666677,"center":{"x":677.9220085470079,"y":247.67354700854713},"ex":694.1386752136747,"ey":256.6068803418805},"fullTextRect":{"x":653.5970085470077,"y":217.01688034188032,"width":48.65000000000018,"height":34.30000000000015,"center":{"x":677.9220085470077,"y":234.16688034188041},"ex":702.2470085470079,"ey":251.31688034188048},"iconRect":{"x":666.4886752136745,"y":219.3268803418803,"width":22.86666666666677,"height":22.86666666666677,"center":{"x":677.9220085470079,"y":230.7602136752137},"ex":689.3553418803413,"ey":242.19354700854706},"bkType":0,"data":[{"key":"kernel_size","value":"2*2"}]},{"imageRatio":true,"animateDuration":0,"animateFrames":[],"animateFrame":0,"name":"rectangle","tags":[],"visible":true,"rect":{"x":628.6886752136744,"y":134.88354700854634,"width":97.30000000000037,"height":35.000000000000114,"center":{"x":677.3386752136746,"y":152.3835470085464},"ex":725.9886752136748,"ey":169.88354700854646},"fontColor":"#222222","fontFamily":"\"Hiragino Sans GB\", \"Microsoft YaHei\", \"Helvetica Neue\", Helvetica, Arial","fontSize":8.400000000000034,"lineHeight":1.5,"fontStyle":"normal","fontWeight":"normal","textAlign":"left","textBaseline":"middle","textBackground":"","events":[],"dash":0,"lineDashOffset":0,"lineWidth":1,"strokeStyle":"#222222","fillStyle":"","globalAlpha":1,"rotate":0,"offsetRotate":0,"textMaxLine":0,"textOffsetX":7.000000000000028,"textOffsetY":0,"animatePos":0,"id":"b31dc89","zRotate":0,"borderRadius":0,"imageAlign":"center","gradientAngle":0,"gradientRadius":0.01,"paddingTop":7.000000000000028,"paddingBottom":7.000000000000028,"paddingLeft":7.000000000000028,"paddingRight":7.000000000000028,"font":{"textAlign":"left"},"icon":"","iconColor":"#2f54eb","iconFamily":"topology","text":"Conv2d","type":0,"animateType":"","paddingLeftNum":7.000000000000028,"paddingRightNum":7.000000000000028,"paddingTopNum":7.000000000000028,"paddingBottomNum":7.000000000000028,"textRect":{"x":656.6886752136745,"y":141.88354700854637,"width":62.30000000000025,"height":21.000000000000057,"center":{"x":687.8386752136746,"y":152.3835470085464},"ex":718.9886752136748,"ey":162.88354700854643},"fullTextRect":{"x":635.6886752136744,"y":141.88354700854637,"width":83.30000000000031,"height":21.000000000000057,"center":{"x":677.3386752136746,"y":152.3835470085464},"ex":718.9886752136747,"ey":162.88354700854643},"iconRect":{"x":635.6886752136744,"y":141.88354700854637,"width":21.000000000000057,"height":21.000000000000057,"center":{"x":646.1886752136744,"y":152.3835470085464},"ex":656.6886752136745,"ey":162.88354700854643},"fullIconRect":{"x":635.6886752136744,"y":141.88354700854637,"width":83.30000000000031,"height":21.000000000000057,"center":{"x":677.3386752136746,"y":152.3835470085464},"ex":718.9886752136747,"ey":162.88354700854643},"bkType":0,"data":[{"key":"channel","value":"5"},{"key":"kernel_size","value":"3*3"},{"key":"padding","value":"1"}]},{"name":"curve","tags":[],"visible":true,"rect":{"x":0,"y":0,"width":0,"height":0,"center":{"x":0,"y":0},"ex":0,"ey":0},"fontColor":"","fontFamily":"\"Hiragino Sans GB\", \"Microsoft YaHei\", \"Helvetica Neue\", Helvetica, Arial","fontSize":8.400000000000034,"lineHeight":1.5,"fontStyle":"normal","fontWeight":"normal","textAlign":"center","textBaseline":"middle","textBackground":"#ffffff","events":[],"dash":0,"lineDashOffset":0,"strokeStyle":"#222222","fillStyle":"","globalAlpha":1,"rotate":0,"offsetRotate":0,"textMaxLine":0,"textOffsetX":0,"textOffsetY":0,"animatePos":0,"id":"d48b1fb","fromArrow":"","toArrow":"triangleSolid","controlPoints":[{"x":677.3386752136745,"y":179.80021367521314,"direction":3,"anchorIndex":3,"id":"b31dc89"},{"x":677.9220085470072,"y":189.95021367521352,"direction":1,"anchorIndex":1,"id":"296968b0"}],"fromArrowSize":5,"toArrowSize":5,"borderWidth":0,"borderColor":"#000000","animateColor":"","animateSpan":1,"animateFromSize":0,"animateToSize":0,"animateDotSize":3,"from":{"x":677.3386752136745,"y":169.88354700854646,"direction":3,"anchorIndex":3,"id":"b31dc89"},"to":{"x":677.9220085470072,"y":199.86688034188023,"direction":1,"anchorIndex":1,"id":"296968b0","autoAnchor":false},"type":1,"bkType":0,"imageAlign":"center"},{"imageRatio":true,"animateDuration":0,"animateFrames":[],"animateFrame":0,"name":"rectangle","tags":[],"visible":true,"rect":{"x":629.2720085470077,"y":298,"width":97.30000000000037,"height":35.000000000000114,"center":{"x":677.9220085470079,"y":315.50000000000006},"ex":726.5720085470081,"ey":333.0000000000001},"fontColor":"#222222","fontFamily":"\"Hiragino Sans GB\", \"Microsoft YaHei\", \"Helvetica Neue\", Helvetica, Arial","fontSize":8.400000000000034,"lineHeight":1.5,"fontStyle":"normal","fontWeight":"normal","textAlign":"left","textBaseline":"middle","textBackground":"","events":[],"dash":0,"lineDashOffset":0,"lineWidth":1,"strokeStyle":"#222222","fillStyle":"","globalAlpha":1,"rotate":0,"offsetRotate":0,"textMaxLine":0,"textOffsetX":7.000000000000028,"textOffsetY":0,"animatePos":0,"id":"6a94b338","zRotate":0,"borderRadius":0,"imageAlign":"center","gradientAngle":0,"gradientRadius":0.01,"paddingTop":7.000000000000028,"paddingBottom":7.000000000000028,"paddingLeft":7.000000000000028,"paddingRight":7.000000000000028,"font":{"textAlign":"left"},"icon":"","iconColor":"#2f54eb","iconFamily":"topology","text":"Conv2d","type":0,"animateType":"","paddingLeftNum":7.000000000000028,"paddingRightNum":7.000000000000028,"paddingTopNum":7.000000000000028,"paddingBottomNum":7.000000000000028,"textRect":{"x":657.2720085470078,"y":305,"width":62.30000000000025,"height":21.000000000000057,"center":{"x":688.4220085470079,"y":315.5},"ex":719.5720085470081,"ey":326.00000000000006},"fullTextRect":{"x":636.2720085470077,"y":305,"width":83.30000000000031,"height":21.000000000000057,"center":{"x":677.9220085470079,"y":315.5},"ex":719.572008547008,"ey":326.00000000000006},"iconRect":{"x":636.2720085470077,"y":305,"width":21.000000000000057,"height":21.000000000000057,"center":{"x":646.7720085470077,"y":315.5},"ex":657.2720085470078,"ey":326.00000000000006},"fullIconRect":{"x":636.2720085470077,"y":305,"width":83.30000000000031,"height":21.000000000000057,"center":{"x":677.9220085470079,"y":315.5},"ex":719.572008547008,"ey":326.00000000000006},"bkType":0,"data":[{"key":"channel","value":"5"},{"key":"kernel_size","value":"1*1"},{"key":"stride","value":"2"}]},{"name":"curve","tags":[],"visible":true,"rect":{"x":0,"y":0,"width":0,"height":0,"center":{"x":0,"y":0},"ex":0,"ey":0},"fontColor":"","fontFamily":"\"Hiragino Sans GB\", \"Microsoft YaHei\", \"Helvetica Neue\", Helvetica, Arial","fontSize":8.400000000000034,"lineHeight":1.5,"fontStyle":"normal","fontWeight":"normal",